Threshold,Accuracy,Precision,Recall,F1,Balanced_Accuracy
0.1,0.8153616456536165,0.3743968791705164,0.8619711652091704,0.5220440881763527,0.8355790008968481
0.11,0.8292966157929662,0.39278225361439134,0.841172299692744,0.5355100812518808,0.8344478149996425
0.12,0.8403837646538377,0.4089513462446859,0.8184826282202788,0.5453972753760139,0.8308839229963842
0.13,0.8490378234903783,0.42288869368804116,0.7965020089813283,0.5524590163934426,0.8262498772714513
0.14,0.856392391063924,0.4360472838358348,0.7759394942094068,0.5583333333333333,0.8214951251928144
0.15,0.862862198628622,0.4488421052631579,0.755849680926495,0.5632264882000705,0.8164444258970703
0.16,0.8676177836761778,0.45897775813816466,0.7364689198770976,0.5655172413793104,0.8107306242620607
0.17,0.8730369387303694,0.47206314811948613,0.7208697707397779,0.5705200149644594,0.8070328751622927
0.18,0.8775436850254369,0.48394941634241245,0.7055069723469629,0.5740936628521973,0.8029210034731652
0.19,0.8806403450564034,0.4926920462270564,0.6851808083195462,0.5732081067721206,0.7958577742947263
0.2,0.8832946250829462,0.5008852691218131,0.6686362562042071,0.5727300334041907,0.7901843647555149
0.21,0.8866124751161247,0.512014787430684,0.6546915622784212,0.5746291878435847,0.7860144100022848
0.22,0.8892667551426675,0.5216392186901571,0.6438194280311983,0.5763249761980324,0.7828014696595231
0.23,0.8905938951559389,0.5272365805168986,0.6268021744268495,0.5727243278263686,0.7761715415453908
0.24,0.892584605175846,0.5356260296540363,0.6147482864571023,0.5724661604489931,0.7720702637157604
0.25,0.8939393939393939,0.5421558164354322,0.6003308910423067,0.5697622252131,0.7665837064724011
0.26,0.8957365627073657,0.5509300265721878,0.5880406523280548,0.5688807591174116,0.7622703183361161
0.27,0.8973678389736784,0.5597238204833141,0.5748050106357835,0.5671641791044776,0.7574529170660209
0.28,0.8980037602300376,0.5645238095238095,0.5603876152209879,0.5624481081722216,0.7515593084402525
0.29,0.8992203052422031,0.5722030556924593,0.5488064287402505,0.5602605863192183,0.7472247066831165
0.3,0.9002986065029861,0.5795772854596384,0.5379342944930277,0.5579798970335866,0.7431193844635349
0.31,0.9007686352576864,0.5843405149763531,0.5256440557787757,0.5534403384347393,0.738054516852033
0.32,0.9012386640123866,0.5892228540481993,0.5142992200425431,0.5492175668854115,0.7333997274399395
0.33,0.9016257465162575,0.5939157130895897,0.5029543843063106,0.5446634246224725,0.728697970560645
0.34,0.9022063702720637,0.5994269340974212,0.49444575750413616,0.5418987177826706,0.7253360390363778
0.35,0.9026487502764875,0.6050295857988166,0.48333727251240843,0.5373801077387991,0.7207681133517361
0.36,0.9028699402786994,0.6091185410334347,0.47364689198770976,0.5329078579976066,0.716690058387004
0.37,0.9033676177836761,0.614784778540237,0.4658473174190499,0.5300524405002017,0.7135887180450918
0.38,0.9032293740322938,0.6172601860763555,0.45473883242732216,0.5236799129014698,0.7086920200900427
0.39,0.9033952665339526,0.6216573126444371,0.4450484519026235,0.518732782369146,0.7045826534805099
0.4,0.9036717540367175,0.6269113149847095,0.4360671236114394,0.5143574017284639,0.7008434688101346
0.41,0.9034505640345056,0.6291506466270534,0.42543134010872136,0.5076142131979695,0.6961048424875886
0.42,0.9030634815306349,0.6299749013983507,0.415268258095013,0.5005698005698006,0.6914773203303446
0.43,0.902565804025658,0.6305873660879202,0.40345072086977074,0.4920726434130873,0.6860695380345347
0.44,0.9025381552753815,0.6338134950720242,0.3951784448121012,0.4868248653370214,0.6824656979673118
0.45,0.902621101526211,0.638098948188547,0.3871425194989364,0.4819064430714916,0.6790270007395425
0.46,0.9022893165228931,0.639344262295082,0.3779248404632475,0.4750445632798574,0.6748408684265075
0.47,0.9017639902676399,0.6398514851485149,0.3665800047270149,0.46611570247933887,0.6696224694080013
0.48,0.901487502764875,0.642127659574468,0.3566532734578114,0.45859291900926913,0.6651600900902108
0.49,0.9016810440168105,0.6473155827149716,0.3505081541006854,0.45476847592762953,0.6626041725508593
0.5,0.9014598540145985,0.6490835940992401,0.34318128102103523,0.4489795918367347,0.6593008199262423
0.51,0.9013492590134926,0.6517162471395881,0.3365634601748996,0.44389027431421446,0.6563676492407828
0.52,0.9013216102632161,0.6558380414312618,0.32923658709524933,0.43839496459480726,0.6531738873729683
0.53,0.9012110152621101,0.6587837837837838,0.3226187662491137,0.433127082341742,0.6502407166875088
0.54,0.9012386640123866,0.6631996037642397,0.3164736468919877,0.42848,0.6475908642137553
0.55,0.9011833665118336,0.6673458991339786,0.3096194753013472,0.42298999031320633,0.6445864856232446
0.56,0.9008792302587924,0.6701791359325606,0.30063814701016306,0.41507586882036224,0.640518528682462
0.57,0.9004368502543685,0.6706392199349945,0.29260222169699834,0.4074378805331578,0.636782370829086
0.58,0.9001050652510506,0.6722408026755853,0.2850389978728433,0.40033195020746887,0.6333138753650155
0.59,0.9000774165007742,0.676588437321122,0.279366580004727,0.3954499832719973,0.6308377503461653
0.6,0.8995244414952445,0.6758986446670595,0.2710943039470574,0.3869770580296896,0.6269364496533358
0.61,0.8993585489935855,0.6796352583586626,0.2642401323564169,0.3805309734513274,0.6238694477732236
0.62,0.8990544127405441,0.68125,0.25762231151028125,0.3738638312467844,0.6208266863309617
0.63,0.8988055739880557,0.684789644012945,0.2500590876861262,0.36634349030470914,0.6174051583340924
0.64,0.8986396814863968,0.6877076411960132,0.24462302056251478,0.3608786610878661,0.6149532737530926
0.65,0.8983908427339085,0.6898907103825137,0.23871425194989365,0.3546971027216857,0.6122493826051876
0.66,0.8980314089803141,0.6902592852137351,0.23280548333727252,0.34817956875220923,0.6094828681676813
0.67,0.8977825702278257,0.6948905109489051,0.22500590876861262,0.33993929655418675,0.6059588206209597
0.68,0.897284892722849,0.6936936936936937,0.21838808792247696,0.3321948588890886,0.6028064684218953
0.69,0.8967872152178722,0.6942277691107644,0.21035216260931222,0.322873208779249,0.5990389989237186
0.7,0.8963448352134483,0.6943548387096774,0.20349799101867172,0.31475050265033816,0.595815438819603
0.71,0.8959854014598541,0.6949293433083957,0.1975892224060506,0.3076923076923077,0.5930489243820967
0.72,0.8956812652068127,0.6980968858131488,0.19073505081541006,0.2996101726378318,0.5899036433899826
0.73,0.8954324264543243,0.701707097933513,0.1845899314582841,0.29229041916167664,0.5870972326922256
0.74,0.8950729927007299,0.704119850187266,0.1777357598676436,0.2838271371956973,0.583920640055311
0.75,0.8946582614465827,0.7049659201557936,0.17111793902150793,0.27538988208444276,0.5808152553234477
0.76,0.8946029639460297,0.7126903553299493,0.16591822264240133,0.2691717791411043,0.5785285135819014
0.77,0.8940499889404999,0.7138263665594855,0.1574095958402269,0.2579395817195972,0.5745246933392198
0.78,0.8934693651846937,0.7133182844243793,0.14937367052706216,0.24701973812780925,0.570710256373842
0.79,0.8930822826808228,0.7116279069767442,0.14464665563696524,0.24042427813789038,0.5684406838631957
0.8,0.8924463614244637,0.7081807081807082,0.1370834318128102,0.2297029702970297,0.5647999743527212
0.81,0.8920592789205928,0.7104247104247104,0.13046561096667456,0.22044728434504793,0.5617102454432584
0.82,0.8913680601636806,0.7051630434782609,0.12266603639801466,0.20897926313670223,0.5579357047381313
0.83,0.8908703826587038,0.7028571428571428,0.11628456629638384,0.19955384303386736,0.5548858720889189
0.84,0.8906491926564919,0.7123076923076923,0.10943039470574333,0.18971522229051424,0.5517875585640061
0.85,0.8901238664012386,0.7110016420361248,0.10233987237059797,0.17892561983471075,0.5484145114428373
0.86,0.88940499889405,0.7058823529411765,0.0935948948239187,0.1652754590984975,0.5442142367159015
0.87,0.8886308338863084,0.6970873786407767,0.08484991727723942,0.15128529287821324,0.539982650344165
0.88,0.8881055076310551,0.6908713692946058,0.07870479792011345,0.1413112667091025,0.5370196814224045
0.89,0.8878013713780137,0.6970387243735763,0.07232332781848262,0.1310492505353319,0.5340794395299947
0.9,0.8873589913735899,0.6938271604938272,0.06641455920586149,0.12122519413287317,0.5312659576252873
