Feature,Mean_Absolute_SHAP,Random_Seed,Fold
numeric__age,0.009031076960190986,42,1
numeric__balance,0.03117043907429712,42,1
numeric__day,0.006924376777206525,42,1
numeric__duration,1.0806984324389508,42,1
numeric__campaign,0.17702552690568052,42,1
numeric__pdays,0.015321287486033144,42,1
numeric__previous,0.03218353617102026,42,1
categorical__job_admin.,0.041117180473915445,42,1
categorical__job_blue-collar,0.04805323530040123,42,1
categorical__job_entrepreneur,0.01775907895438279,42,1
categorical__job_housemaid,0.010242998623139899,42,1
categorical__job_management,0.023042970512345676,42,1
categorical__job_retired,0.05260423881726678,42,1
categorical__job_self-employed,0.010008528529470609,42,1
categorical__job_services,0.00755615827649544,42,1
categorical__job_student,0.028762594650811272,42,1
categorical__job_technician,0.021304051953007448,42,1
categorical__job_unemployed,0.0002392091899227006,42,1
categorical__job_unknown,0.000883356681954007,42,1
categorical__marital_divorced,0.0014892163892565055,42,1
categorical__marital_married,0.06538968373490645,42,1
categorical__marital_single,0.04792857545444167,42,1
categorical__education_primary,0.08910761608875004,42,1
categorical__education_secondary,0.04794230693846599,42,1
categorical__education_tertiary,0.09455996141685404,42,1
categorical__education_unknown,0.011576426820577114,42,1
categorical__default_no,0.001988670454191283,42,1
categorical__default_yes,0.00125394687599106,42,1
categorical__housing_no,0.2096996104918133,42,1
categorical__housing_yes,0.22050953873566703,42,1
categorical__loan_no,0.073695887135632,42,1
categorical__loan_yes,0.07984436339530647,42,1
categorical__contact_cellular,0.28302043459133963,42,1
categorical__contact_telephone,0.03844714102401674,42,1
categorical__contact_unknown,0.4935200228106615,42,1
categorical__month_apr,0.0012654176829292418,42,1
categorical__month_aug,0.22091116064336203,42,1
categorical__month_dec,0.009325281665701752,42,1
categorical__month_feb,0.005897637914764436,42,1
categorical__month_jan,0.08498062552376995,42,1
categorical__month_jul,0.2014048285370522,42,1
categorical__month_jun,0.0716022398073579,42,1
categorical__month_mar,0.02842178779957259,42,1
categorical__month_may,0.31298519826504206,42,1
categorical__month_nov,0.1557570987471601,42,1
categorical__month_oct,0.054138242753024646,42,1
categorical__month_sep,0.020970192658479957,42,1
categorical__poutcome_failure,0.14560580490944536,42,1
categorical__poutcome_other,0.048725480483390114,42,1
categorical__poutcome_success,0.04390920431713765,42,1
categorical__poutcome_unknown,0.23855305455559656,42,1
numeric__age,0.004003366785720373,42,2
numeric__balance,0.02242933535547878,42,2
numeric__day,0.03109106021302314,42,2
numeric__duration,1.011457960100212,42,2
numeric__campaign,0.19005039385165526,42,2
numeric__pdays,0.040378774728680636,42,2
numeric__previous,0.020473297378153905,42,2
categorical__job_admin.,0.028799020214898278,42,2
categorical__job_blue-collar,0.07192169904646802,42,2
categorical__job_entrepreneur,0.0005096816405645249,42,2
categorical__job_housemaid,0.04204780164635307,42,2
categorical__job_management,0.01596325621761098,42,2
categorical__job_retired,0.057777716590052285,42,2
categorical__job_self-employed,0.01163700721196279,42,2
categorical__job_services,0.04142806365637092,42,2
categorical__job_student,0.02093463856832922,42,2
categorical__job_technician,0.03786140212062504,42,2
categorical__job_unemployed,0.005377055935058923,42,2
categorical__job_unknown,0.002698650431834334,42,2
categorical__marital_divorced,0.0014954720120866516,42,2
categorical__marital_married,0.10146575383161427,42,2
categorical__marital_single,0.08653911805118662,42,2
categorical__education_primary,0.03943276249109285,42,2
categorical__education_secondary,0.015915708358073728,42,2
categorical__education_tertiary,0.0506902679997781,42,2
categorical__education_unknown,0.0071415866630806495,42,2
categorical__default_no,0.00024038829292632959,42,2
categorical__default_yes,0.00021811620210065053,42,2
categorical__housing_no,0.18265634136648082,42,2
categorical__housing_yes,0.18084072052237243,42,2
categorical__loan_no,0.07972212602580966,42,2
categorical__loan_yes,0.0786587079291864,42,2
categorical__contact_cellular,0.2577760663230798,42,2
categorical__contact_telephone,0.076674932988303,42,2
categorical__contact_unknown,0.46669674922391396,42,2
categorical__month_apr,0.015653049198892096,42,2
categorical__month_aug,0.15657795099604588,42,2
categorical__month_dec,0.004372490645755038,42,2
categorical__month_feb,0.01741673038003656,42,2
categorical__month_jan,0.08106570674642083,42,2
categorical__month_jul,0.2639955362914831,42,2
categorical__month_jun,0.07273333581196319,42,2
categorical__month_mar,0.013763717616312886,42,2
categorical__month_may,0.26239701207299304,42,2
categorical__month_nov,0.13247738897974132,42,2
categorical__month_oct,0.010561908743336115,42,2
categorical__month_sep,0.031653849423630365,42,2
categorical__poutcome_failure,0.10188275624221477,42,2
categorical__poutcome_other,0.03569513200499323,42,2
categorical__poutcome_success,0.08074306514192628,42,2
categorical__poutcome_unknown,0.26760854700288356,42,2
numeric__age,0.01683052009686713,42,3
numeric__balance,0.01888051923727595,42,3
numeric__day,0.021754858227809877,42,3
numeric__duration,1.0022951264795537,42,3
numeric__campaign,0.2202446488511936,42,3
numeric__pdays,0.0058865221132216,42,3
numeric__previous,0.012405488329360054,42,3
categorical__job_admin.,0.04362140814911219,42,3
categorical__job_blue-collar,0.12488066005629747,42,3
categorical__job_entrepreneur,0.003834777054256127,42,3
categorical__job_housemaid,0.011411234830596828,42,3
categorical__job_management,0.0015285792932816088,42,3
categorical__job_retired,0.03360761402732819,42,3
categorical__job_self-employed,0.00968842064505463,42,3
categorical__job_services,0.03620861043722704,42,3
categorical__job_student,0.03237432915885198,42,3
categorical__job_technician,0.002268883649240667,42,3
categorical__job_unemployed,0.00591996094555011,42,3
categorical__job_unknown,0.00027632208827136826,42,3
categorical__marital_divorced,0.0017687926778066781,42,3
categorical__marital_married,0.05979507979011656,42,3
categorical__marital_single,0.045982569102477694,42,3
categorical__education_primary,0.08357511410590154,42,3
categorical__education_secondary,0.01792045119429463,42,3
categorical__education_tertiary,0.06525650323452033,42,3
categorical__education_unknown,0.002795684547321169,42,3
categorical__default_no,0.0012126656977763314,42,3
categorical__default_yes,0.0019120302319268982,42,3
categorical__housing_no,0.18182715262643867,42,3
categorical__housing_yes,0.1950083221953204,42,3
categorical__loan_no,0.08388951158470113,42,3
categorical__loan_yes,0.09154548346322175,42,3
categorical__contact_cellular,0.2333628330191539,42,3
categorical__contact_telephone,0.04510278429215913,42,3
categorical__contact_unknown,0.39933381073245955,42,3
categorical__month_apr,0.012970112705298537,42,3
categorical__month_aug,0.2145180135251983,42,3
categorical__month_dec,0.022554317078340155,42,3
categorical__month_feb,0.008184629188739558,42,3
categorical__month_jan,0.06227714491924156,42,3
categorical__month_jul,0.2533878878650498,42,3
categorical__month_jun,0.02289131142159663,42,3
categorical__month_mar,0.039517529096745,42,3
categorical__month_may,0.30796493342393844,42,3
categorical__month_nov,0.1878074989953177,42,3
categorical__month_oct,0.013792736523301714,42,3
categorical__month_sep,0.012101095795287741,42,3
categorical__poutcome_failure,0.13638485019244595,42,3
categorical__poutcome_other,0.017235911607535886,42,3
categorical__poutcome_success,0.10177874900230661,42,3
categorical__poutcome_unknown,0.2474802009579834,42,3
numeric__age,0.014039849336224531,7,1
numeric__balance,0.02217083076438874,7,1
numeric__day,0.046136781651079775,7,1
numeric__duration,1.0404059073322416,7,1
numeric__campaign,0.1841588502527583,7,1
numeric__pdays,0.02848881197897054,7,1
numeric__previous,0.023172378238825248,7,1
categorical__job_admin.,0.05044170628423455,7,1
categorical__job_blue-collar,0.048325142894570385,7,1
categorical__job_entrepreneur,0.02197247597407309,7,1
categorical__job_housemaid,0.007517590535143364,7,1
categorical__job_management,0.00837825032499426,7,1
categorical__job_retired,0.06045642754457647,7,1
categorical__job_self-employed,0.009978422991360144,7,1
categorical__job_services,0.02218934102063263,7,1
categorical__job_student,0.00907522629194058,7,1
categorical__job_technician,0.02109880687504734,7,1
categorical__job_unemployed,0.000399214237411575,7,1
categorical__job_unknown,0.0038749269678495166,7,1
categorical__marital_divorced,0.004074124113443448,7,1
categorical__marital_married,0.06670366473319508,7,1
categorical__marital_single,0.05196821341321429,7,1
categorical__education_primary,0.046318247058747666,7,1
categorical__education_secondary,0.01359662388669667,7,1
categorical__education_tertiary,0.09819363540409051,7,1
categorical__education_unknown,0.0059929220825481,7,1
categorical__default_no,0.0008418347627416593,7,1
categorical__default_yes,0.001850673516467844,7,1
categorical__housing_no,0.18883708716303454,7,1
categorical__housing_yes,0.20086103742546688,7,1
categorical__loan_no,0.08562711963352769,7,1
categorical__loan_yes,0.09338598900205967,7,1
categorical__contact_cellular,0.2597525242126668,7,1
categorical__contact_telephone,0.04518563382048492,7,1
categorical__contact_unknown,0.4717255061261371,7,1
categorical__month_apr,0.010189574802957057,7,1
categorical__month_aug,0.1704733310317973,7,1
categorical__month_dec,0.0033097240510722025,7,1
categorical__month_feb,0.00541283371437758,7,1
categorical__month_jan,0.07593833078682681,7,1
categorical__month_jul,0.2584605475111656,7,1
categorical__month_jun,0.04738505532181421,7,1
categorical__month_mar,0.06735910839356729,7,1
categorical__month_may,0.3070806178889702,7,1
categorical__month_nov,0.19976937832279687,7,1
categorical__month_oct,0.025181768527802014,7,1
categorical__month_sep,0.026093126803354127,7,1
categorical__poutcome_failure,0.13569713855468912,7,1
categorical__poutcome_other,0.03480190600511271,7,1
categorical__poutcome_success,0.10411985574365093,7,1
categorical__poutcome_unknown,0.3041901423658594,7,1
numeric__age,0.004484140991796001,7,2
numeric__balance,0.03458193387207373,7,2
numeric__day,0.023281371338913337,7,2
numeric__duration,0.9468491648339548,7,2
numeric__campaign,0.17424672526966073,7,2
numeric__pdays,0.005813309789246412,7,2
numeric__previous,0.022749550689335873,7,2
categorical__job_admin.,0.03339313612328087,7,2
categorical__job_blue-collar,0.07806600540036866,7,2
categorical__job_entrepreneur,0.00347612030906384,7,2
categorical__job_housemaid,0.01632063615743914,7,2
categorical__job_management,0.011926557247584497,7,2
categorical__job_retired,0.029674448590680177,7,2
categorical__job_self-employed,0.012393566460731212,7,2
categorical__job_services,0.020942014480773184,7,2
categorical__job_student,0.02636588740920268,7,2
categorical__job_technician,0.00581252596070806,7,2
categorical__job_unemployed,0.003204016777985174,7,2
categorical__job_unknown,0.0008420984046955,7,2
categorical__marital_divorced,0.0006555327737275355,7,2
categorical__marital_married,0.07519731982501432,7,2
categorical__marital_single,0.056342499629570046,7,2
categorical__education_primary,0.0730983593656832,7,2
categorical__education_secondary,0.009010096633538082,7,2
categorical__education_tertiary,0.044367569194201255,7,2
categorical__education_unknown,0.01923524526376176,7,2
categorical__default_no,0.000561687039731884,7,2
categorical__default_yes,0.0010260628969316976,7,2
categorical__housing_no,0.19639922581694574,7,2
categorical__housing_yes,0.20265335216841687,7,2
categorical__loan_no,0.06886191295476093,7,2
categorical__loan_yes,0.07193765562267367,7,2
categorical__contact_cellular,0.24450179727067312,7,2
categorical__contact_telephone,0.040377653780908296,7,2
categorical__contact_unknown,0.4404372355120822,7,2
categorical__month_apr,0.006993616387702296,7,2
categorical__month_aug,0.22627056978605842,7,2
categorical__month_dec,0.0006935749126729926,7,2
categorical__month_feb,0.0009518985417346483,7,2
categorical__month_jan,0.04989765599955445,7,2
categorical__month_jul,0.23692571690809328,7,2
categorical__month_jun,0.062238463187965616,7,2
categorical__month_mar,0.059451852925493376,7,2
categorical__month_may,0.29134458118513806,7,2
categorical__month_nov,0.15358358572048053,7,2
categorical__month_oct,0.044460318766706614,7,2
categorical__month_sep,0.015926091266601633,7,2
categorical__poutcome_failure,0.10097889469096596,7,2
categorical__poutcome_other,0.019896545166720583,7,2
categorical__poutcome_success,0.11292516562212586,7,2
categorical__poutcome_unknown,0.1977711842758171,7,2
numeric__age,0.03331336939761668,7,3
numeric__balance,0.026702005272198348,7,3
numeric__day,0.026373073441680342,7,3
numeric__duration,1.016030245546194,7,3
numeric__campaign,0.18868749935070095,7,3
numeric__pdays,0.013768108749127157,7,3
numeric__previous,0.026377653447624716,7,3
categorical__job_admin.,0.042668514987177525,7,3
categorical__job_blue-collar,0.08645598245839338,7,3
categorical__job_entrepreneur,0.0005101327720820189,7,3
categorical__job_housemaid,0.032467551185018394,7,3
categorical__job_management,0.01048857674733523,7,3
categorical__job_retired,0.03563182718469498,7,3
categorical__job_self-employed,0.013959645294392382,7,3
categorical__job_services,0.020973531986677077,7,3
categorical__job_student,0.029115774063617587,7,3
categorical__job_technician,0.03556271077739044,7,3
categorical__job_unemployed,0.0005630414651517364,7,3
categorical__job_unknown,0.00018927545842299738,7,3
categorical__marital_divorced,0.00021070102016498038,7,3
categorical__marital_married,0.0821430967471518,7,3
categorical__marital_single,0.06993552117537802,7,3
categorical__education_primary,0.046002209853048766,7,3
categorical__education_secondary,0.023909777025916713,7,3
categorical__education_tertiary,0.06656202989801659,7,3
categorical__education_unknown,0.005812112389200216,7,3
categorical__default_no,0.000614706562757807,7,3
categorical__default_yes,0.00026154617931736313,7,3
categorical__housing_no,0.1970264233432556,7,3
categorical__housing_yes,0.20055889560483323,7,3
categorical__loan_no,0.0633919441989602,7,3
categorical__loan_yes,0.06494440250747814,7,3
categorical__contact_cellular,0.24688772150299726,7,3
categorical__contact_telephone,0.06428064924253933,7,3
categorical__contact_unknown,0.40054063201698137,7,3
categorical__month_apr,0.013226050553592222,7,3
categorical__month_aug,0.15808951437346846,7,3
categorical__month_dec,0.0038677495971511998,7,3
categorical__month_feb,0.031316190607286964,7,3
categorical__month_jan,0.051329933442402075,7,3
categorical__month_jul,0.2819783535833912,7,3
categorical__month_jun,0.06138476215754325,7,3
categorical__month_mar,0.013253290485779688,7,3
categorical__month_may,0.27449807001981874,7,3
categorical__month_nov,0.11824699670549915,7,3
categorical__month_oct,0.0640165017391806,7,3
categorical__month_sep,0.011639258873086455,7,3
categorical__poutcome_failure,0.12759336632417687,7,3
categorical__poutcome_other,0.023561330811334463,7,3
categorical__poutcome_success,0.1663484854347407,7,3
categorical__poutcome_unknown,0.2684748258778392,7,3
numeric__age,0.0023618351304928054,21,1
numeric__balance,0.03226882754625512,21,1
numeric__day,0.01811324365603033,21,1
numeric__duration,0.9897189422606366,21,1
numeric__campaign,0.21878859753995955,21,1
numeric__pdays,0.021306634696417033,21,1
numeric__previous,0.010546569424346505,21,1
categorical__job_admin.,0.03586169555518847,21,1
categorical__job_blue-collar,0.058969535636273586,21,1
categorical__job_entrepreneur,0.0007753743128145568,21,1
categorical__job_housemaid,0.011785603226554477,21,1
categorical__job_management,0.012771405190822208,21,1
categorical__job_retired,0.07067125182081649,21,1
categorical__job_self-employed,0.03553212525880391,21,1
categorical__job_services,0.020541964698375045,21,1
categorical__job_student,0.019976735286080242,21,1
categorical__job_technician,0.01711586004619629,21,1
categorical__job_unemployed,0.0001440776362533721,21,1
categorical__job_unknown,0.011174319423589995,21,1
categorical__marital_divorced,0.002633589971115563,21,1
categorical__marital_married,0.0748215830995888,21,1
categorical__marital_single,0.06514007042586746,21,1
categorical__education_primary,0.07069792489540978,21,1
categorical__education_secondary,0.03787745764932122,21,1
categorical__education_tertiary,0.060193908540135475,21,1
categorical__education_unknown,0.006906376517390757,21,1
categorical__default_no,0.0009482907402949929,21,1
categorical__default_yes,0.0012904970743260304,21,1
categorical__housing_no,0.20802817083261324,21,1
categorical__housing_yes,0.19588277917166108,21,1
categorical__loan_no,0.09921906177186554,21,1
categorical__loan_yes,0.09209725909448735,21,1
categorical__contact_cellular,0.2351565576541339,21,1
categorical__contact_telephone,0.05808723431525731,21,1
categorical__contact_unknown,0.38111799249512524,21,1
categorical__month_apr,0.0013773154753466028,21,1
categorical__month_aug,0.22298149273617293,21,1
categorical__month_dec,0.00912961406358841,21,1
categorical__month_feb,0.009162208182069103,21,1
categorical__month_jan,0.04841516280510858,21,1
categorical__month_jul,0.35883044181122997,21,1
categorical__month_jun,0.054988364034418466,21,1
categorical__month_mar,0.0523531169149905,21,1
categorical__month_may,0.2506702569315687,21,1
categorical__month_nov,0.17234369884297657,21,1
categorical__month_oct,0.01910894142654582,21,1
categorical__month_sep,0.018913308080330735,21,1
categorical__poutcome_failure,0.13001258450040806,21,1
categorical__poutcome_other,0.030381594764665898,21,1
categorical__poutcome_success,0.05067837786795205,21,1
categorical__poutcome_unknown,0.26021130373391105,21,1
numeric__age,0.006062742959040631,21,2
numeric__balance,0.03000618072063571,21,2
numeric__day,0.01556771361395052,21,2
numeric__duration,0.9967969386483513,21,2
numeric__campaign,0.20235315129453502,21,2
numeric__pdays,0.03830114337490447,21,2
numeric__previous,0.04063882969311719,21,2
categorical__job_admin.,0.040056236952511245,21,2
categorical__job_blue-collar,0.05375566066016286,21,2
categorical__job_entrepreneur,0.022950642647689885,21,2
categorical__job_housemaid,0.022487067837072126,21,2
categorical__job_management,0.02115805972307927,21,2
categorical__job_retired,0.05817431554291258,21,2
categorical__job_self-employed,0.013901120492628571,21,2
categorical__job_services,0.009716504474917585,21,2
categorical__job_student,0.0264171837264708,21,2
categorical__job_technician,0.024553730644646648,21,2
categorical__job_unemployed,0.0039349645410365185,21,2
categorical__job_unknown,0.0007293088999490202,21,2
categorical__marital_divorced,0.01434762100014326,21,2
categorical__marital_married,0.07829868990692015,21,2
categorical__marital_single,0.032515702475966225,21,2
categorical__education_primary,0.08253293064771662,21,2
categorical__education_secondary,0.013273937630937468,21,2
categorical__education_tertiary,0.08158871992860031,21,2
categorical__education_unknown,0.004865329679209349,21,2
categorical__default_no,0.0007979385299382161,21,2
categorical__default_yes,0.00043648747569348953,21,2
categorical__housing_no,0.195585621226096,21,2
categorical__housing_yes,0.20554881873020797,21,2
categorical__loan_no,0.06598198199992233,21,2
categorical__loan_yes,0.07096197430285105,21,2
categorical__contact_cellular,0.2738802409729213,21,2
categorical__contact_telephone,0.051734848756763395,21,2
categorical__contact_unknown,0.4450147526862219,21,2
categorical__month_apr,0.02007509751829049,21,2
categorical__month_aug,0.18052087417735527,21,2
categorical__month_dec,0.007845582770812255,21,2
categorical__month_feb,0.010650233746313256,21,2
categorical__month_jan,0.09192300707111994,21,2
categorical__month_jul,0.22076033813689075,21,2
categorical__month_jun,0.06832882982327361,21,2
categorical__month_mar,0.03694482930638949,21,2
categorical__month_may,0.27906558368827805,21,2
categorical__month_nov,0.18165995680366717,21,2
categorical__month_oct,0.015760496201806515,21,2
categorical__month_sep,0.023451011731115308,21,2
categorical__poutcome_failure,0.12490169156032593,21,2
categorical__poutcome_other,0.04409653347382265,21,2
categorical__poutcome_success,0.13516547846674845,21,2
categorical__poutcome_unknown,0.28051447705027727,21,2
numeric__age,0.00730973437149786,21,3
numeric__balance,0.026498339312965247,21,3
numeric__day,0.011731183432495953,21,3
numeric__duration,0.9685002695591715,21,3
numeric__campaign,0.14249990438585303,21,3
numeric__pdays,0.01536768140621085,21,3
numeric__previous,0.018530466943822415,21,3
categorical__job_admin.,0.03271250969740876,21,3
categorical__job_blue-collar,0.12317557833909011,21,3
categorical__job_entrepreneur,0.0009366288573693219,21,3
categorical__job_housemaid,0.012095586525818058,21,3
categorical__job_management,0.00045604242014941817,21,3
categorical__job_retired,0.06080677883504552,21,3
categorical__job_self-employed,0.007692163369749475,21,3
categorical__job_services,0.030486083351440877,21,3
categorical__job_student,0.024985457450791657,21,3
categorical__job_technician,0.015748552078422396,21,3
categorical__job_unemployed,0.006183282231516314,21,3
categorical__job_unknown,0.0007264967596738854,21,3
categorical__marital_divorced,0.013676437439322304,21,3
categorical__marital_married,0.06785959075584812,21,3
categorical__marital_single,0.06829935890353013,21,3
categorical__education_primary,0.060384153160017454,21,3
categorical__education_secondary,0.004802714513025369,21,3
categorical__education_tertiary,0.06664833087217398,21,3
categorical__education_unknown,0.0003746128109589033,21,3
categorical__default_no,0.01341726166954428,21,3
categorical__default_yes,0.017523583022182255,21,3
categorical__housing_no,0.1795208008111249,21,3
categorical__housing_yes,0.20510665996500863,21,3
categorical__loan_no,0.05280711149137628,21,3
categorical__loan_yes,0.06463348256444706,21,3
categorical__contact_cellular,0.23128691632945764,21,3
categorical__contact_telephone,0.05179745395802378,21,3
categorical__contact_unknown,0.44249495685464624,21,3
categorical__month_apr,0.014108799100525203,21,3
categorical__month_aug,0.2198571640542398,21,3
categorical__month_dec,0.0016185322332359204,21,3
categorical__month_feb,0.009269041932644785,21,3
categorical__month_jan,0.11398919116154158,21,3
categorical__month_jul,0.23165322757361412,21,3
categorical__month_jun,0.038689426610762766,21,3
categorical__month_mar,0.006828281460873883,21,3
categorical__month_may,0.2942740638978753,21,3
categorical__month_nov,0.1765064469118838,21,3
categorical__month_oct,0.014032749033939728,21,3
categorical__month_sep,0.050466700224337115,21,3
categorical__poutcome_failure,0.1122017057701048,21,3
categorical__poutcome_other,0.026423142790643978,21,3
categorical__poutcome_success,0.09086833125649056,21,3
categorical__poutcome_unknown,0.23690260822029846,21,3
numeric__age,0.018657714745801968,52,1
numeric__balance,0.027483122412718622,52,1
numeric__day,0.016773484881217392,52,1
numeric__duration,1.1426281033403178,52,1
numeric__campaign,0.19640655555068298,52,1
numeric__pdays,0.0309766788923593,52,1
numeric__previous,0.034916842315506645,52,1
categorical__job_admin.,0.0377722626184212,52,1
categorical__job_blue-collar,0.08284713036916563,52,1
categorical__job_entrepreneur,0.008186142821551142,52,1
categorical__job_housemaid,0.01977375010418499,52,1
categorical__job_management,0.0018226840061337309,52,1
categorical__job_retired,0.03634778130358939,52,1
categorical__job_self-employed,0.003977562607125605,52,1
categorical__job_services,0.012581726365471294,52,1
categorical__job_student,0.0325019435924184,52,1
categorical__job_technician,0.02488172792725447,52,1
categorical__job_unemployed,0.0033478033011472823,52,1
categorical__job_unknown,0.0009323927535036217,52,1
categorical__marital_divorced,0.005175918438938184,52,1
categorical__marital_married,0.08682421206828322,52,1
categorical__marital_single,0.06657225403726968,52,1
categorical__education_primary,0.057820474824896544,52,1
categorical__education_secondary,0.025874535424907048,52,1
categorical__education_tertiary,0.07556674109555594,52,1
categorical__education_unknown,0.00990972278215276,52,1
categorical__default_no,0.0012273107290832375,52,1
categorical__default_yes,0.0014379673098316684,52,1
categorical__housing_no,0.18154485376017643,52,1
categorical__housing_yes,0.17785851602586222,52,1
categorical__loan_no,0.07699556253533567,52,1
categorical__loan_yes,0.07502008548287493,52,1
categorical__contact_cellular,0.26913829180289295,52,1
categorical__contact_telephone,0.05690784474662264,52,1
categorical__contact_unknown,0.45465238491522836,52,1
categorical__month_apr,0.0007963993153987957,52,1
categorical__month_aug,0.20493669034488485,52,1
categorical__month_dec,0.001251750576890946,52,1
categorical__month_feb,0.03019086932470806,52,1
categorical__month_jan,0.06853524413800201,52,1
categorical__month_jul,0.29961668823840715,52,1
categorical__month_jun,0.06344204516020584,52,1
categorical__month_mar,0.011133583687355756,52,1
categorical__month_may,0.2887017643107475,52,1
categorical__month_nov,0.12251662471206104,52,1
categorical__month_oct,0.03129017273842504,52,1
categorical__month_sep,0.024421832674577624,52,1
categorical__poutcome_failure,0.09643720459928035,52,1
categorical__poutcome_other,0.03245532807237408,52,1
categorical__poutcome_success,0.13578006568845088,52,1
categorical__poutcome_unknown,0.23352508626089138,52,1
numeric__age,0.0010112613995951903,52,2
numeric__balance,0.024933501336280216,52,2
numeric__day,0.006471047489634148,52,2
numeric__duration,1.0276046617649477,52,2
numeric__campaign,0.16132043545458244,52,2
numeric__pdays,0.033732757883973265,52,2
numeric__previous,0.020386950874585467,52,2
categorical__job_admin.,0.05500376698741674,52,2
categorical__job_blue-collar,0.07878287262902842,52,2
categorical__job_entrepreneur,0.0021205311309200653,52,2
categorical__job_housemaid,0.010736470323515225,52,2
categorical__job_management,0.0025730716546234923,52,2
categorical__job_retired,0.04093607699115524,52,2
categorical__job_self-employed,0.014239669440803328,52,2
categorical__job_services,0.0351728822826898,52,2
categorical__job_student,0.02185065302538281,52,2
categorical__job_technician,0.006695913044215824,52,2
categorical__job_unemployed,0.005195747718695963,52,2
categorical__job_unknown,0.004610522950945941,52,2
categorical__marital_divorced,0.013947645630084502,52,2
categorical__marital_married,0.07431292608322412,52,2
categorical__marital_single,0.04873081723384032,52,2
categorical__education_primary,0.08760191475263968,52,2
categorical__education_secondary,0.023032304758362765,52,2
categorical__education_tertiary,0.06465696834062507,52,2
categorical__education_unknown,0.00998068289765602,52,2
categorical__default_no,0.002796041587689817,52,2
categorical__default_yes,0.0051082905517083645,52,2
categorical__housing_no,0.16433466683480183,52,2
categorical__housing_yes,0.20866357688019285,52,2
categorical__loan_no,0.06999135136894888,52,2
categorical__loan_yes,0.09296977565312212,52,2
categorical__contact_cellular,0.23922879171818756,52,2
categorical__contact_telephone,0.04987274409536065,52,2
categorical__contact_unknown,0.43582541823012244,52,2
categorical__month_apr,0.02934580745143135,52,2
categorical__month_aug,0.15443353959330272,52,2
categorical__month_dec,0.004766272770049701,52,2
categorical__month_feb,0.027417166131016243,52,2
categorical__month_jan,0.0554631998033314,52,2
categorical__month_jul,0.2153464212461931,52,2
categorical__month_jun,0.04309685861260584,52,2
categorical__month_mar,0.037092892004117264,52,2
categorical__month_may,0.29572024589380674,52,2
categorical__month_nov,0.1903088640594376,52,2
categorical__month_oct,0.0443264340155888,52,2
categorical__month_sep,0.006956860860127974,52,2
categorical__poutcome_failure,0.12559859901756104,52,2
categorical__poutcome_other,0.035892360087685427,52,2
categorical__poutcome_success,0.1151705460499991,52,2
categorical__poutcome_unknown,0.24443477663288876,52,2
numeric__age,0.039152541311666456,52,3
numeric__balance,0.02105528551359611,52,3
numeric__day,0.021361308295760283,52,3
numeric__duration,1.1967473293657862,52,3
numeric__campaign,0.19409416153638165,52,3
numeric__pdays,0.034169492618587545,52,3
numeric__previous,0.018787157154254226,52,3
categorical__job_admin.,0.03326431409960784,52,3
categorical__job_blue-collar,0.08658418565619753,52,3
categorical__job_entrepreneur,0.006325110493326343,52,3
categorical__job_housemaid,0.019723568605369994,52,3
categorical__job_management,0.0029352064754111585,52,3
categorical__job_retired,0.060779239911171644,52,3
categorical__job_self-employed,0.013207283020370221,52,3
categorical__job_services,0.02444726351603524,52,3
categorical__job_student,0.025151855939764482,52,3
categorical__job_technician,0.014661286293089966,52,3
categorical__job_unemployed,0.007078694645367533,52,3
categorical__job_unknown,9.7301762551952e-05,52,3
categorical__marital_divorced,0.003649278600751043,52,3
categorical__marital_married,0.06430940627115216,52,3
categorical__marital_single,0.055629702021211834,52,3
categorical__education_primary,0.06595867378079737,52,3
categorical__education_secondary,0.0031903679043288847,52,3
categorical__education_tertiary,0.0692279176843459,52,3
categorical__education_unknown,0.004297720206280538,52,3
categorical__default_no,0.0002004500732883534,52,3
categorical__default_yes,0.0003898487149345375,52,3
categorical__housing_no,0.23125746690819066,52,3
categorical__housing_yes,0.22178753482588193,52,3
categorical__loan_no,0.06316092304762372,52,3
categorical__loan_yes,0.05877293531796513,52,3
categorical__contact_cellular,0.2573583881685421,52,3
categorical__contact_telephone,0.049498764665525344,52,3
categorical__contact_unknown,0.4489061714761256,52,3
categorical__month_apr,0.00861336195810912,52,3
categorical__month_aug,0.19163087847551344,52,3
categorical__month_dec,0.02091306067663718,52,3
categorical__month_feb,0.009170620137062307,52,3
categorical__month_jan,0.09629394900811694,52,3
categorical__month_jul,0.23847153370401672,52,3
categorical__month_jun,0.03886801159772328,52,3
categorical__month_mar,0.037333400610650685,52,3
categorical__month_may,0.28131722102658163,52,3
categorical__month_nov,0.20084578156361774,52,3
categorical__month_oct,0.009386240057859043,52,3
categorical__month_sep,0.018037999598300703,52,3
categorical__poutcome_failure,0.12289362794636124,52,3
categorical__poutcome_other,0.01749829389953072,52,3
categorical__poutcome_success,0.13136052055801242,52,3
categorical__poutcome_unknown,0.26502562567221977,52,3
numeric__age,0.022316851898761186,100,1
numeric__balance,0.009221360357144773,100,1
numeric__day,0.009866902182433112,100,1
numeric__duration,0.89779298292398,100,1
numeric__campaign,0.20636155098656575,100,1
numeric__pdays,0.004024578113990553,100,1
numeric__previous,0.03753684627956889,100,1
categorical__job_admin.,0.025869497509335704,100,1
categorical__job_blue-collar,0.08150385532755722,100,1
categorical__job_entrepreneur,0.0018352861016944126,100,1
categorical__job_housemaid,0.016502888106795968,100,1
categorical__job_management,0.014676252497636568,100,1
categorical__job_retired,0.04171184123488407,100,1
categorical__job_self-employed,0.011315787104825469,100,1
categorical__job_services,0.029447795951644304,100,1
categorical__job_student,0.020186737563132242,100,1
categorical__job_technician,0.021720176947410574,100,1
categorical__job_unemployed,0.0023555418130838312,100,1
categorical__job_unknown,0.0009338385742237296,100,1
categorical__marital_divorced,0.0034563142305299565,100,1
categorical__marital_married,0.07020390848908566,100,1
categorical__marital_single,0.04112598495438686,100,1
categorical__education_primary,0.07378363092563872,100,1
categorical__education_secondary,0.027124355536209167,100,1
categorical__education_tertiary,0.0766258685823601,100,1
categorical__education_unknown,0.0037887908335263384,100,1
categorical__default_no,0.00032400815316657733,100,1
categorical__default_yes,0.0008421850308770238,100,1
categorical__housing_no,0.18449109614854553,100,1
categorical__housing_yes,0.1986350219016946,100,1
categorical__loan_no,0.1010944592583934,100,1
categorical__loan_yes,0.11007849481372024,100,1
categorical__contact_cellular,0.2167060879182063,100,1
categorical__contact_telephone,0.04908309555397996,100,1
categorical__contact_unknown,0.4035504470835383,100,1
categorical__month_apr,0.009098590439466297,100,1
categorical__month_aug,0.19036583441269023,100,1
categorical__month_dec,0.0020130839262560104,100,1
categorical__month_feb,0.009674465024103582,100,1
categorical__month_jan,0.12684761104226364,100,1
categorical__month_jul,0.22508119484685213,100,1
categorical__month_jun,0.0559731749505455,100,1
categorical__month_mar,0.021359374923215487,100,1
categorical__month_may,0.2912077208497753,100,1
categorical__month_nov,0.15315862126712004,100,1
categorical__month_oct,0.019007050221842688,100,1
categorical__month_sep,0.020349660368068324,100,1
categorical__poutcome_failure,0.12700093561994277,100,1
categorical__poutcome_other,0.05120305024354622,100,1
categorical__poutcome_success,0.05230025996183477,100,1
categorical__poutcome_unknown,0.23796819236928818,100,1
numeric__age,0.0012894565239744374,100,2
numeric__balance,0.03692957465312986,100,2
numeric__day,1.8762084057237673e-05,100,2
numeric__duration,1.081476034439653,100,2
numeric__campaign,0.1650825735893088,100,2
numeric__pdays,0.027484523969014088,100,2
numeric__previous,0.022276158908640722,100,2
categorical__job_admin.,0.06554529953175678,100,2
categorical__job_blue-collar,0.09024441611725065,100,2
categorical__job_entrepreneur,0.011089107270074297,100,2
categorical__job_housemaid,0.008041123967649453,100,2
categorical__job_management,0.008106616724547835,100,2
categorical__job_retired,0.029912665784237256,100,2
categorical__job_self-employed,0.013792591813073681,100,2
categorical__job_services,0.0016299783772133357,100,2
categorical__job_student,0.020718485190848245,100,2
categorical__job_technician,0.0031946369349781733,100,2
categorical__job_unemployed,0.002681936337100616,100,2
categorical__job_unknown,0.0,100,2
categorical__marital_divorced,0.0019546044240502844,100,2
categorical__marital_married,0.07887222487400797,100,2
categorical__marital_single,0.07559652213110088,100,2
categorical__education_primary,0.07270791859002775,100,2
categorical__education_secondary,0.03459570520868907,100,2
categorical__education_tertiary,0.08779053856017123,100,2
categorical__education_unknown,0.010437169711631621,100,2
categorical__default_no,0.0017276961658982115,100,2
categorical__default_yes,0.001958013784648185,100,2
categorical__housing_no,0.20519851548579546,100,2
categorical__housing_yes,0.20060109617189475,100,2
categorical__loan_no,0.07143343203508722,100,2
categorical__loan_yes,0.0690789878447631,100,2
categorical__contact_cellular,0.26639502165354606,100,2
categorical__contact_telephone,0.0348608856493004,100,2
categorical__contact_unknown,0.4393201141340939,100,2
categorical__month_apr,0.011901305648449306,100,2
categorical__month_aug,0.2263187119308642,100,2
categorical__month_dec,0.0,100,2
categorical__month_feb,0.01352981705617766,100,2
categorical__month_jan,0.04802903859749393,100,2
categorical__month_jul,0.2597670011375992,100,2
categorical__month_jun,0.029997922930876986,100,2
categorical__month_mar,0.013664196408259196,100,2
categorical__month_may,0.28703620583785666,100,2
categorical__month_nov,0.13002854307693987,100,2
categorical__month_oct,0.0244788352619487,100,2
categorical__month_sep,0.03292372614302976,100,2
categorical__poutcome_failure,0.09924777538735985,100,2
categorical__poutcome_other,0.033376266631706154,100,2
categorical__poutcome_success,0.06957650610712851,100,2
categorical__poutcome_unknown,0.24237306656779797,100,2
numeric__age,0.0053253191014482025,100,3
numeric__balance,0.020221381520262875,100,3
numeric__day,0.033630896366521744,100,3
numeric__duration,1.0417101516074743,100,3
numeric__campaign,0.15294486751589362,100,3
numeric__pdays,8.387759858146763e-05,100,3
numeric__previous,0.013038688666474724,100,3
categorical__job_admin.,0.042773171382204926,100,3
categorical__job_blue-collar,0.08126991097526026,100,3
categorical__job_entrepreneur,0.005885060567367942,100,3
categorical__job_housemaid,0.01823522337835394,100,3
categorical__job_management,0.0020253084884852644,100,3
categorical__job_retired,0.029657969121746505,100,3
categorical__job_self-employed,0.00817129409655758,100,3
categorical__job_services,0.03895800047859876,100,3
categorical__job_student,0.027644997295880533,100,3
categorical__job_technician,0.023906415538433753,100,3
categorical__job_unemployed,0.0025461169525547093,100,3
categorical__job_unknown,0.0,100,3
categorical__marital_divorced,0.002573502978124661,100,3
categorical__marital_married,0.07285287047227094,100,3
categorical__marital_single,0.06168792381487132,100,3
categorical__education_primary,0.06608443258144457,100,3
categorical__education_secondary,0.014785912461603818,100,3
categorical__education_tertiary,0.04762898737785155,100,3
categorical__education_unknown,0.007348242074234995,100,3
categorical__default_no,0.001968363021851258,100,3
categorical__default_yes,0.0027066661592490583,100,3
categorical__housing_no,0.18389131350525684,100,3
categorical__housing_yes,0.19713589482389912,100,3
categorical__loan_no,0.0611411306283628,100,3
categorical__loan_yes,0.0684012895554524,100,3
categorical__contact_cellular,0.2738194798528003,100,3
categorical__contact_telephone,0.07191500039190224,100,3
categorical__contact_unknown,0.46904008026519844,100,3
categorical__month_apr,0.013516960476643932,100,3
categorical__month_aug,0.17871961889661286,100,3
categorical__month_dec,0.0035293301603078957,100,3
categorical__month_feb,0.011447989112290972,100,3
categorical__month_jan,0.07660488212435215,100,3
categorical__month_jul,0.2843991196430202,100,3
categorical__month_jun,0.0644090727559439,100,3
categorical__month_mar,0.003667333352088187,100,3
categorical__month_may,0.29784258359080634,100,3
categorical__month_nov,0.14748604062047624,100,3
categorical__month_oct,0.033973718514479744,100,3
categorical__month_sep,0.031175456705128706,100,3
categorical__poutcome_failure,0.1108346041421324,100,3
categorical__poutcome_other,0.034125423380580916,100,3
categorical__poutcome_success,0.09700958661247122,100,3
categorical__poutcome_unknown,0.24744489588769106,100,3
